Name_anime;Count_of_series;Genre;Topics;Years;Age_limit
Атака титанов;87;приключения,боевик,драма,фэнтези,триллер;военное,сёнен,суперсила;2013,2017,2018,2020;18
Стальной алхимик;115;приключения,боевик,драма,фантастика;военное,магия,сёнен;2003,2009;18
Ванпанчмен;24;боевик,комедия,повседневность,фантастика;пародия,суперсила;2015,2019;18
Мастера меча онлайн;96;приключения,боевик,романтика,фантастика,фэнтези;игры;2012,2018;16
Моя геройская академия;113;приключения,боевик,фантастика;сёнен,суперсила,школа;2016,2017,2018,2019,2021;16
Токийский Гуль;48;боевик,драма,фантастика,триллер;ужасы;2014,2015,2018;18
Клинок, рассекающий демонов;44;боевик,мистика;демоны,историческое,сёнен;2019,2021;18
Хантер х Хантер;148;приключения,боевик,драма,фэнтези,триллер;сёнен,суперсила;2011;16
Врата Штейна;49;драма,фантастика,триллер,психология;-;2011,2018;16
Нет игры - нет жизни;12;приключения,комедия,фэнтези;игры;2014;16
Код Гиас;50;боевик,драма,фантастика,триллер,психология;военное,суперсила,меха,школа;2006,2008;18
ТораДора;25;комедия,повседневность,романтика;школа;2008;16
Бездомный Бог;25;приключения,комедия,драма,фэнтези;сёнен;2014,2015;16
С нуля: Пособие по выживанию в альтернативном мире;50;приключения,драма,фэнтези,триллер,психология;-;2016,2020;18
Магическая битва;24;боевик,мистика;демоны,сёнен,школа;2020;18
Ван Пис;1027;приключения,боевик,комедия,драма,фэнтези;сёнен,суперсила;1999;16
Ангельские ритмы!;14;комедия,романтика,драма,мистика;школа;2010;16
Убийца Акаме!;24;приключения,боевик,драма,фэнтези,триллер;сёнен;2014;18
Семь смертных грехов;96;приключения,боевик,комедия,фэнтези;магия,сёнен;2014,2016,2018,2019,2021;16
Город, в котором меня нет;12;мистика,детектив,психология;-;2016;18
Дневник будущего;26;боевик,драма,фантастика,триллер,психология;сёнен;2011;18
Класс убийц;47;приключения,боевик,комедия,драма,фантастика;сёнен,школа;2015,2016;18
Моб Психо 100;25;боевик,комедия,драма,фантастика,мистика;-;2016,2019;16
Синий Экзорцист;38;приключения,боевик,комедия,драма,фэнтези;демоны,сёнен;2011,2017;16
Волейбол!;85;комедия,повседневность,драма;сёнен,спорт,школа;2014,2015,2016,2020;16
Этот прекрасный мир;22;приключения,комедия,фэнтези;магия,пародия;2016,2017;16
Обещанный Неверленд;23;фантастика,детектив,триллер,психология;сёнен,ужасы;2019,2021;18
Блич;366;приключения,боевик,комедия,драма,фэнтези;суперсила,сёнен;2004;16
Паразит;24;драма,фантастика,триллер,психология;ужасы;2014;18
Ковбой Бибоп;26;приключения,боевик,комедия,драма,фантастика;космос;1998;18
Фейри Тейл;328;приключения,боевик,комедия,драма,фэнтези;магия,сёнен;2009,2014,2018;16
Евангелион;26;боевик,драма,фантастика,психология;меха;1996;16
Парад смерти;12;драма,мистика,психология;игры;2015;18
Вайолет Эвергарден;14;драма,фэнтези;-;2018;
Другая;13;повседневность,мистика,детектив,триллер;ужасы,школа;2012;18
Повар-боец Сома;86;повседневность;сёнен,школа;2015,2016,2017,2019,2020;16
Этот глупый свин не понимает мечту девочки-зайки;13;комедия,повседневность,романтика,драма,мистика;школа;2018;16
Пожиратель душ;51;приключения,боевик,комедия,фэнтези;сёнен;2008;16
Психопаспорт;41;боевик,фантастика,триллер,психология;полиция;2012,2014,2019;18
Невиданный цветок;11;повседневность,драма,мистика;-;2011;16
Доктор Стоун;36;приключения,комедия,фантастика;сёнен;2019,2021;16
Госпожа Кагуя: в любви как на войне;37;комедия,романтика,психология;школа;2019,2020,2022;16
Гуррен-Лаганн;27;приключения,боевик,комедия,романтика,драма,фантастика;меха;2007;16
Милый во Франксе;24;боевик,романтика,драма,фантастика;меха;2018;18
Невероятные приключения ДжоДжо;164;приключения,боевик,мистика;вампиры,сёнен;2012,2014,2015,2016,2018,2021;18
Сатана на подработке!;16;комедия,романтика,фэнтези;демоны;2013,2022;16
Чёрный клевер;170;боевик,комедия,фэнтези,мистика;магия,сёнен;2017;16
Повелитель;43;приключения,комедия,фэнтези;игры,магия;2015,2018,2022;18
Судьба: Начало;25;боевик,драма,фэнтези,триллер;магия;2011,2012;18
Может, я встречу тебя в подземелье?;51;приключения,боевик,комедия,романтика,фэнтези;-;2015,2017,2019,2020,2022;16
Восхождение героя щита;38;приключения,боевик,комедия,драма,фэнтези;-;2019,2022;16
Кланнад;49;комедия,повседневность,романтика,драма,мистика;школа;2007,2008;16
Дюрарара!!;62;боевик,романтика,драма,мистика,детектив,триллер;-;2010,2015;18
Безумный азарт;24;драма,детектив,психология;игры,сёнен,школа;2017,2019;18
Цикл историй;87;комедия,фэнтези,детектив;вампиры;2009,2012,2013,2014,2015,2016,2017;18
Розовая пора моей школьной жизни сплошной обман;40;комедия,повседневность,романтика,драма;школа;2013,2015,2020;16
Чудачества любви не помеха;24;комедия,повседневность,романтика,драма;школа;2012,2014;16
Хьёка;22;повседневность,детектив;школа;2012;16
О моём перерождении в слизь;49;приключения,боевик,комедия,фэнтези;демоны;2018,2021;16
Последний Серафим;24;приключения,боевик,драма,фэнтези,мистика;вампиры,военное,сёнен;2015;18
Волшебница Мадока Магика;37;боевик,драма,фэнтези,триллер,психология;магия;2011,2020;16
Бродячие псы: Литературные гении;36;приключения,комедия,драма,мистика,детектив,триллер;суперсила;2016,2019;18
Сделано в Бездне;17;приключения,драма,фантастика,фэнтези,детектив;-;2017,2022;18
Кошечка из Сакурасо;24;комедия,повседневность,романтика,драма;школа;2012;16
Страна чудес смертников;12;боевик,фантастика,мистика;сёнен,ужасы;2011;18
Президент - горничная!;27;комедия,повседневность,романтика;сёдзё,школа;2010;16
Сага о Винланде;24;приключения,боевик,драма;историческое;2019;18
Корона Грешника;22;боевик,драма,фантастика;меха,суперсила;2011;18
Самурай Чамплу;26;приключения,боевик,комедия,драма;историческое,самураи,сёнен;2004;18
Пламенная бригада пожарных;48;боевик,фантастика;сёнен;2019,2020;16
Драгонболл;798;приключения,боевик,комедия,драма,фантастика,фэнтези;боевые искусства,сёнен,суперсила;1986,1989,1996,2009,2014,2015;16
Дракон-горничная Кобаяши;27;комедия,повседневность,фантастика;-;2017,2021;16
Темный дворецкий;46;приключения,драма,фэнтези,мистика,детектив;историческое,демоны,сёнен;2008,2010,2014;18
Баскетбол Куроко;76;приключения,комедия,драма;спорт,школа,сёнен;2012,2013,2015;16
Притворная любовь;32;комедия,романтика;сёнен,школа;2014,2015;16
За гранью;12;повседневность,романтика,фантастика,фэнтези;-;2013;16
Хоримия;13;комедия,повседневность,романтика;сёнен,школа;2021;16
Эхо террора;11;драма,фантастика,детектив,триллер,психология;-;2014;18
Дороро;24;приключения,боевик,мистика;историческое,демоны,самураи,сёнен;2019;18
Логин Горизонт;62;приключения,комедия,фэнтези;игры,магия;2013,2014,2021;16
Хост-клуб Оранской школы;26;комедия,повседневность,романтика;школа,сёдзё;2006;16
Токийские мстители;24;боевик,драма,мистика;сёнен,школа;2021;18
Реинкарнация безработного;24;драма,фэнтези;магия;2021;16
Монстр за соседней партой;13;комедия,повседневность,романтика;сёдзё,школа;2012;16
Класс превосходства;16;комедия,романтика;школа;2017,2022;16
Убийца гоблинов;12;приключения,боевик,фэнтези;-;2018;18
К-он!;41;комедия,повседневность;музыка,школа;2009,2010;16
Клинков бесконечный край;26;приключения,боевик,драма,фэнтези;магия;2014,2015;18
Непутёвый ученик в школе магии;40;повседневность,романтика,фантастика;магия,школа;2014,2020;16
Гинтама;367;приключения,боевик,комедия,фантастика;историческое,пародия,самураи,сёнен;2006,2011,2012,2015,2017,2018;16
Маги: Лабиринт волшебства;63;приключения,боевик,фэнтези;магия,сёнен;2012,2013,2016;16
Ох уж этот экстрасенс Сайки Кусуо!;56;комедия,повседневность,мистика;сёнен,школа;2016,2018,2019;16
Семья шпиона;12;боевик,комедия;сёнен;2022;16
Рандеву с жизнью;47;комедия,повседневность,романтика,фантастика;меха,школа;2013,2014,2019,2022;18
Повторная жизнь;17;повседневность,романтика;школа;2016;16
Золотая пора;24;комедия,романтика,драма;-;2013;16
Пираты черной лагуны;29;боевик,комедия,драма,психология;-;2006,2010;18
Судьба: Ночь схватки;24;боевик,романтика,фэнтези;магия;2006;18
Данганронпа: школа отчаяния;37;повседневность,детектив,психология;ужасы,школа;2013,2016;18
Меланхолия Харухи Судзумии;44;комедия,повседневность,фантастика,детектив;пародия,школа;2006,2009,2015;16
Черная пуля;13;боевик,фантастика,детектив;-;2014;18
Ежемесячное сёдзё Нозаки-куна;12;комедия,повседневность,романтика;школа;2014;16
Синтетические воспоминания;13;романтика,драма,фантастика;-;2015;16
Шумиха!;13;приключения,боевик,комедия,мистика,детектив;историческое;2007;18
Так сложно любить отаку;11;комедия,повседневность,романтика;-;2018;16
Девушка напрокат;17;комедия,романтика;сёнен,школа;2020,2022;16
Дорога юности;12;комедия,повседневность,романтика,драма;сёдзё,школа;2014;16
Дотянуться до тебя;37;повседневность,романтика,драма;сёдзё,школа;2009,2011;16
Мелочи жизни;26;комедия,повседневность;школа,сёнен;2011;16
Юри на льду;12;комедия,повседневность;спорт;2016;16
Пять невест;24;комедия,романтика;сёнен,школа;2019,2021;16
Взрыв!;12;боевик,драма,фантастика,психология;-;2012;18
Военная хроника маленькой девочки;12;боевик,драма,фантастика;военное,магия;2017;18
Невеста чародея;24;повседневность,фэнтези,мистика;магия,сёнен;2017;16
Башня Бога;13;приключения,боевик,драма,фэнтези,детектив;-;2020;16
Стражи Барьера;25;боевик,фэнтези,мистика;вампиры,сёнен,суперсила;2015,2017;18
Царь горы;13;приключения,боевик,комедия,фантастика,фэнтези,мистика;боевые искусства;2020;16
Связь сердец;17;комедия,повседневность,романтика,драма,мистика;школа;2012;16
Рассвет Йоны;24;приключения,боевик,комедия,романтика,фэнтези;сёдзё;2014;16
Месть Масамуне-куна!;12;приключения,комедия,романтика;сёнен,школа;2017;16
Волчица и пряности;25;приключения,романтика,фэнтези;историческое;2008;16
Индекс волшебства;74;боевик,комедия,драма,фантастика;магия,суперсила;2008,2010,2018;18
Мастер муси;47;приключения,повседневность,фэнтези,мистика,детектив;историческое;2005,2014;16
Выдающиеся звери;24;повседневность,драма,психология;сёнен,школа;2019,2021;18
Когда плачут цикады;116;мистика,детектив,триллер,психология;ужасы;2006,2007,2009,2020,2021;18
Повседневная жизнь старшеклассников;12;комедия,повседневность;школа;2012;16
Вольный стиль!;37;комедия,повседневность,драма;школа,спорт;2013,2014,2018;16
Фури-кури;12;боевик,комедия,фантастика,психология;меха,пародия;2000,2018;16
Орендж;13;повседневность,романтика,драма,фантастика;сёдзё,школа;2016;16
Кабанери железной крепости;12;боевик,драма,фэнтези,мистика;ужасы;2016;18
Крутой учитель Онидзука;43;комедия,повседневность,драма;сёнен,школа;1999;18
Банановая рыба;24;приключения,боевик,драма;сёдзё;2018;18
Эта фарфоровая кукла влюбилась;12;повседневность,романтика;школа;2022;18
Врата: там бьются наши воины;24;приключения,боевик,комедия,фэнтези;военное;2015;18
Из нового света;25;драма,фантастика,мистика,детектив,психология;ужасы;2012;18
Инуяша;241;приключения,боевик,комедия,романтика,фэнтези,мистика;демоны,историческое,магия,сёнен;2000,2009,2020;16
Ямада и семь ведьм;12;комедия,повседневность,романтика,мистика,детектив;сёнен,школа;2015;16
Проект Кей;26;приключения,боевик,комедия,фантастика;суперсила;2012,2015;16
Для тебя, Бессмертный;20;приключения,драма,мистика;сёнен;2021;18
Я - Сакамото, а что?;13;комедия,повседневность;школа;2016;16
Корзинка с фруктами;63;комедия,повседневность,романтика,драма,мистика;сёдзё;2019,2020,2021;16
У Коми проблемы с общением;24;комедия,повседневность;сёнен,школа;2021,2022;16
Ускоренный мир;26;приключения,боевик,повседневность,романтика,фантастика;игры,школа;2012;16
Связанные;12;приключения,комедия,драма,фантастика,триллер,психология;-;2016;16
Триган;26;приключения,боевик,комедия,драма,фантастика;сёнен;1998;16
Гримгал пепла и иллюзий;12;приключения,фэнтези;-;2016;16
Не издевайся, Нагаторо;12;комедия,повседневность,романтика;-;2021;16
Хеллсинг: Война с нечистью;13;боевик,мистика,триллер;вампиры,ужасы;2001;18
Необъятный океан;12;комедия,повседневность;-;2018;16
Эксперименты Лэйн;13;драма,фантастика,мистика,детектив,психология;-;1998;18
Признания;12;комедия,повседневность,романтика;сёнен,школа;2017;16
Ди Грэй-мен;116;приключения,боевик,комедия,мистика;демоны,сёнен,суперсила;2006,2016;16
Ну не может моя сестрёнка быть такой милой;32;комедия,повседневность;-;2010,2013;16
Домекано;12;романтика,драма;сёнен,школа;2019;18
Приоритет чудо-яйца;11;драма,фэнтези,психология;-;2021;18
Кровавый парень;10;боевик,комедия,мистика;демоны,вампиры;2013;16
Хроники Акаши;12;приключения,фэнтези;магия,школа;2017;18
91 день;12;драма,триллер;историческое;2016;18
Двуличная сестрёнка Умару!;25;комедия,повседневность;школа;2015,2017;16
Непризнанный школой владыка демонов!;13;боевик,фэнтези;демоны,магия,школа;2020;18
Мартовский лев;44;повседневность,драма;игры;2016,2017;16
Тайные желания отвергнутых;12;романтика,драма;школа;2017;18
Отчёт о буйстве духов;112;боевик,комедия,мистика;демоны,боевые искусства,сёнен;1992;16
Счастливая звезда;24;комедия,повседневность;пародия,школа;2007;16
Баракамон;24;комедия,повседневность;сёнен;2014,2016;16
Моя история!;24;комедия,романтика;сёдзё;2015;16
Унеси меня на Луну;13;комедия,романтика;сёнен;2020;16
Не моя вина, что я не популярна!;13;комедия,повседневность;школа;2013;16
Красноволосая принцесса Белоснежка;24;романтика,драма,фэнтези;сёдзё;2015,2016;16
Садистская смесь;12;комедия,повседневность;-;2017;16
Великолепный парк Амаги;14;комедия,драма,фэнтези;магия;2014;16
Скажи: Я люблю тебя;13;повседневность,романтика,драма;сёдзё,школа;2012;16
Дурни, тесты, аватары;26;комедия,повседневность,романтика;суперсила,школа;2010,2011;16
Геймеры!;12;комедия,повседневность,романтика;школа;2017;16
Клетки за работой;21;комедия;сёнен;2018,2021;16
Одному лишь Богу ведомый мир;36;комедия,романтика,мистика;сёнен;2010,2011,2013;16
Герои шестицветия;12;приключения,боевик,фэнтези,детектив;магия;2015;16
Эрго Прокси;23;фантастика,детектив,психология;-;2006;18
Академия ведьмочек;25;приключения,комедия,фэнтези;магия,школа;2017;
Ангел кровопролития;16;приключения,триллер,психология;ужасы;2018;18
Очень приятно - Бог;31;комедия,романтика,фэнтези,мистика;демоны,сёдзё;2012,2015;16
Бакуман;75;комедия,повседневность;сёнен;2010,2011,2012;16
Арифурэта: Сильнейший ремесленник в мире;25;приключения,боевик,фэнтези;-;2019,2022;16
Покемон;1176;приключения,комедия,фантастика,фэнтези;-;1997,2002,2010,2014,2016,2020;12
Инуяшики;11;боевик,драма,фантастика,психология;-;2017;18
Рыцарь-вампир;26;романтика,драма,мистика,детектив;вампиры,сёдзё;2008;16
Безоблачное завтра;26;романтика,драма,фэнтези;-;2013;16
Некий научный Рейлган;73;боевик,комедия,фантастика;суперсила;2009,2013,2020;16
Буря потерь;24;боевик,драма,фантастика,фэнтези,детектив,психология;магия,сёнен;2012;16
Восемьдесят шесть;24;боевик,драма,фантастика;военное,меха;2021;18
Мастера меча онлайн: альтернатива;12;приключения,боевик,фантастика,фэнтези;военное,игры;2018;16
Вельзепуз;60;приключения,боевик,комедия,фэнтези;демоны,школа,сёнен;2011;16
Берсерк;49;боевик,фэнтези,мистика,триллер;военное,демоны,магия,ужасы;1997,2016,2017;18
Усопшие;22;мистика,детектив,триллер,психология;вампиры,ужасы;2010;18
Великий притворщик;23;приключения,боевик,комедия,детектив,психология;-;2020;18
Полулюди;26;боевик,мистика,детектив,триллер;ужасы;2016;18
Дети Индиго из другого мира;10;боевик,комедия,фэнтези,мистика;-;2013;16
Трогательный комплекс;24;комедия,романтика;сёдзё;2007;16
Восточный Эдем;11;боевик,романтика,драма,фантастика,детектив,триллер;-;2009;18
Гангста;12;боевик,драма,фантастика,детектив;-;2015;18
Учитель-мафиози Реборн;203;боевик,комедия;сёнен,суперсила;2006;16
Поддразнивание Такаги;37;комедия,повседневность,романтика;сёнен,школа;2018,2019,2022;16
Этот герой неуязвим, но очень осторожен;12;приключения,боевик,комедия,фэнтези;-;2019;16
Истории мечей;12;приключения,боевик,романтика;боевые искусства,историческое;2010;18
Жгучий взор Шаны;73;боевик,повседневность,романтика,драма,фэнтези,мистика;школа;2005,2007,2011;16
Пожиратель богов;13;боевик,фантастика,фэнтези;военное;2015;18
Я побрился. И приютил старшеклассницу;13;романтика,драма;-;2021;18
Скитальцы;12;боевик,фэнтези,мистика;историческое,самураи;2016;18
Меж двух огней;13;комедия,повседневность,романтика;школа;2013;16
Готика;24;романтика,драма,детектив;историческое;2011;18
Туалетный мальчик Ханако;12;комедия,повседневность,мистика;сёнен,школа;2020;16
Евангелион по-новому;3;боевик,драма,фантастика,психология;меха;2007,2009,2012;16
Внук мудреца;12;боевик,комедия,романтика,фэнтези;магия;2019;16
Мириады цветов фантомного мира;13;боевик,комедия,повседневность,фэнтези;-;2016;16
Первый шаг;127;драма;сёнен,спорт;2000,2009,2013;16
Тетрадь дружбы Нацумэ;74;повседневность,драма,фэнтези,мистика;демоны,сёдзё;2008,2009,2011,2012,2016,2017;16
Альдноа Зеро;24;боевик,фантастика;военное,космос,меха;2014,2015;18
Прекрасна, как луна;12;повседневность,романтика;школа;2017;16
Лис из секретной службы и я;13;комедия,романтика,мистика;сёнен;2012;16
Игра Дарвина;11;боевик,фантастика,детектив;сёнен,суперсила;2020;18
В другом мире со смартфоном;12;приключения,комедия,романтика,фэнтези;магия;2017;16
Две звезды онмёджи;50;боевик,романтика,фэнтези,мистика;сёнен;2016;16
Стальная тревога;61;боевик,комедия,фантастика;военное,меха;2002,2003,2005,2018;18
Мегалобокс;26;боевик,повседневность,драма,фантастика;спорт;2018,2021;18
Брошенный кролик;11;комедия,повседневность;-;2011;16
Скейт: Бесконечность;12;комедия;спорт;2021;16
Члены школьного совета;26;комедия,повседневность;сёнен,школа;2010,2014;18
Бродяга Кэнсин;95;приключения,боевик,комедия,романтика;историческое,самураи,сёнен;1996;16
Праздник кукол;12;комедия,повседневность,фантастика,мистика;-;2018;16
Дорохедоро;12;боевик,комедия,фэнтези,триллер;магия,ужасы;2020;18
Токийские вороны;24;комедия,фэнтези;магия,школа;2013;16
Дурочка;12;комедия,повседневность,романтика;сёнен,школа;2017;16
Место за пределами вселенной;13;приключения;-;2018;16
Рейтинг короля;23;приключения,фэнтези;-;2021;16
Возрождающие;22;приключения,фантастика;меха;2017;18
Зомбиленд Сага;24;комедия,мистика;музыка;2018,2021;18
Герой при заклятом враге;12;приключения,романтика,фэнтези,мистика;демоны;2013;18
Марш смерти под рапсодию параллельного мира;12;фэнтези;-;2018;16
Виви: Песнь флюоритового глаза;13;боевик,фантастика,триллер;музыка;2021;18
Судьба: Апокриф;25;драма,фантастика,фэнтези,мистика;магия;2017;18
Волчица и чёрный принц;12;комедия,повседневность,романтика;сёдзё,школа;2014;16
Не люблю боль, вкачаю всё в защиту;12;приключения,боевик,комедия,фантастика,фэнтези;игры;2020;16
Печать ветра;24;боевик,романтика,фэнтези,мистика;магия,сёнен;2007;16
Лагерь на свежем воздухе;25;комедия,повседневность;-;2018,2021;16
Актёры города Мекаку;12;комедия,романтика,фантастика,мистика;суперсила;2014;16
Яркая Чихая;74;повседневность,драма;игры,спорт,школа;2011,2013,2019;16
Живая любовь: проект школьный идол;93;повседневность;музыка,школа;2013,2014,2016,2017,2020,2021,2022;16
Габриэль бросает школу;12;комедия,повседневность,мистика;демоны,школа,сёнен;2017;16
Полноценная жизнь онлайн;11;комедия,повседневность;игры;2017;16
Всегда вялый Танака-кун;12;комедия,повседневность;школа;2016;16
Магазинчик сладостей;24;комедия,повседневность;сёнен;2016,2018;16
Эврика 7: Псалмы планет;74;приключения,романтика,драма,фантастика;меха;2005,2012;16
Звучи, эуфониум!;26;повседневность,драма;музыка,школа;2015,2016;16
Такт Опус. Судьба;12;боевик,фэнтези;музыка;2021;18
Аниме от А до Я;24;комедия,драма;-;2014;16
Школьная жизнь!;12;повседневность,детектив,триллер,психология;ужасы,школа;2015;18
Давайте сыграем;12;комедия,повседневность;школа;2018;16
Сердца Пандоры;25;приключения,фэнтези,мистика,детектив;сёнен;2009;16
Мальчики, пожалуйста, целуйте его вместо меня;12;комедия,повседневность,романтика;сёдзё,школа;2016;16
Шестая зона;11;боевик,драма,фантастика,детектив;-;2011;18
Мемуары Ванитаса;24;фэнтези,мистика;вампиры,историческое,сёнен;2021;18
Новая игра!;24;комедия,повседневность;игры;2016,2017;16
Сакура - собирательница карт;92;приключения,комедия,повседневность,романтика,драма,фэнтези;магия,сёдзё,школа;1998,2018;12
Страна самоцветов;12;боевик,драма,фэнтези,детектив;-;2017;16
Сказ о четырёх с половиной татами;11;комедия,романтика,детектив,психология;-;2010;18
Только ты любишь Великого Меня?;13;комедия,повседневность,романтика;школа;2019;16
Граница пустоты: Сад грешников;8;боевик,мистика,детектив,триллер;-;2007,2008,2009,2013;18
Деревенская глубинка;38;комедия,повседневность;школа;2013,2015,2021;16
Темнее черного;38;боевик,фантастика,детектив;суперсила;2007,2009;18
Лучший ассасин, переродившийся аристократом;12;боевик,романтика,драма,фэнтези,детектив;-;2021;16
Супер бои в повседневности;12;комедия,повседневность,романтика,мистика;школа;2014;16
Мы не можем учиться!;26;комедия,повседневность,романтика;сёнен,школа;2019;16
Деми-тян хочет рассказать;13;комедия,фэнтези;вампиры,школа;2017;16
Лавочка Тамако;12;комедия,повседневность;-;2013;16
Проклятие мультивыбора превратило мою жизнь в ад;10;комедия,романтика;школа;2013;16
Ярость Бахамута;36;приключения,комедия,драма,фэнтези;демоны,магия;2014,2017;18
Девочка, которая видит это;12;комедия,мистика;ужасы,школа;2021;18
Ложные выводы;12;комедия,романтика,мистика,детектив;демоны,сёнен;2020;18
Моя реинкарнация в отомэ-игре в качестве главной злодейки;24;комедия,романтика,драма,фэнтези;сёдзё,школа;2020,2021;16
Добро пожаловать в ад, Ирума!;44;комедия,фэнтези,мистика;демоны,сёнен,школа;2019,2021;16
Любовь и ложь;12;повседневность,романтика,драма;школа;2017;16
Сумеречная дева и амнезия;13;повседневность,романтика,мистика,детектив,триллер;ужасы,школа,сёнен;2012;18
Импульс мира;99;боевик,повседневность,фантастика,мистика;сёнен,школа;2014,2021;16
Призрак в доспехах: Синдром одиночки;52;боевик,фантастика;военное,меха,полиция;2002,2004;18
Моя девушка не только милая;12;комедия,повседневность,романтика;-;2022;16
Богатый детектив. Баланс: Неограничен;11;комедия,детектив;полиция;2020;16
Помолвлена с незнакомцем;12;комедия,повседневность,романтика;школа;2014;16
Адский Ад!;12;комедия,повседневность;игры,школа;2014;16
Радуга: Семеро из шестой камеры второго блока;26;драма,триллер;историческое;2010;18
Мы ждём тебя летом;12;комедия,повседневность,романтика,драма,фантастика;-;2012;16
Мы из общаги Кавай;13;комедия,повседневность,романтика;школа;2014;16
Голубой период;12;повседневность,драма;школа;2021;18
Конец человечества;12;романтика,драма,фантастика,фэнтези;-;2017;16
Гроб принцессы Чайки;22;приключения,боевик,комедия,романтика,фэнтези;-;2014;18
Кровь+;62;боевик,драма,мистика,детектив,триллер;ужасы,вампиры,школа,военное;2005,2011;18
Акудама Драйв;12;боевик,фантастика;-;2020;18
Ария: Алая пуля;25;боевик,комедия,повседневность,романтика;сёдзё,школа;2011,2015;16
Квартет из альтернативного мира;24;комедия,фэнтези;пародия;2019,2020;16
Сказание об Арслане;33;приключения,боевик,драма,фэнтези;историческое,сёнен;2015,2016;18
Аполлон: Дети на холме;12;повседневность,романтика,драма;музыка,школа;2012;16
Лакомый кусочек;51;комедия,повседневность,романтика;школа;2010,2012,2017;16
Пинг-понг;11;драма,психология;спорт;2014;16
Тетрадь смерти;37;мистика,детектив,триллер,психология;полиция,сёнен;2006;18
Да, я паук, и что?;24;приключения,боевик,комедия,фэнтези,детектив;-;2021;16
Спецкласс А;24;комедия,повседневность,романтика;сёдзё,школа;2008;16
Шаман Кинг;116;приключения,боевик,комедия,драма,фантастика,фэнтези;сёнен;2001,2021;16
Тирания вооруженных девушек;12;боевик,комедия;сёнен,школа;2017;16
Аватар короля;27;приключения,комедия;игры;2017,2020;16
Стрелок с чёрной скалы;17;боевик,повседневность,драма;суперсила,школа;2012,2022;16
Ползучий хаос Няруко-сан!;24;комедия,фантастика;пародия;2012,2013;16
Под мостом над Аракавой;26;комедия,романтика;-;2010;16
Адская девочка;90;мистика,детектив,триллер,психология;ужасы;2005,2006,2008,2017;18
Патриотизм Мориарти;24;детектив,триллер,психология;историческое,сёнен;2020,2021;18
Путешествие Элейны;12;приключения,фэнтези;-;2020;16
Мятежная компания;12;комедия,фэнтези;пародия;2013;16
Платиновый предел;24;драма,мистика,психология;сёнен;2021;18
Прощай, унылый учитель;38;комедия,повседневность;пародия,сёнен,школа;2007,2008,2009;18
Космический Денди;26;приключения,комедия,фантастика;космос;2014;16
Джульетта из школы-интерната;12;боевик,комедия,романтика;сёнен,школа;2018;16
Дьявольские возлюбленные;24;повседневность,мистика;вампиры,сёдзё,школа;2013,2015;18
Лилии на ветру;36;комедия,повседневность;школа,сёдзё;2011,2012,2015;16
Совершенно новый зверь;12;боевик,фэнтези;суперсила;2020;16
Кайдзи;52;триллер,психология;игры;2007,2011;18
Гаргантия на просторах зелёной планеты;15;приключения,боевик,фантастика;меха;2013;16
Инициал Ди;81;боевик,драма;спорт;1998,1999,2004,2012,2014;16
Котоура-сан;12;комедия,повседневность,романтика,драма;школа;2013;16
Золотое божество;36;приключения,боевик;историческое;2018,2020;18
Инцидент Кэмоно;12;боевик,мистика,детектив;демоны,сёнен;2021;18
Заботливая 800-летняя жена!;12;комедия,повседневность,романтика,мистика;-;2019;16
Би: Начало;18;боевик,мистика,детектив,триллер,психология;полиция;2018,2021;18
Фантом: Реквием по Фантому;26;боевик,драма,триллер;-;2009;18
Азбука цветов;26;комедия,повседневность,драма;-;2011;16
Школьный переполох;52;комедия,повседневность,романтика;школа,сёнен;2004,2006;16
Вторжение. ID;13;фантастика,детектив,психология;полиция;2020;18
Детектив уже мёртв;12;комедия,романтика,драма,детектив;-;2021;16
Бек;26;комедия,повседневность,драма;музыка,сёнен;2004;18
Морская невеста;26;комедия,повседневность,романтика;пародия,сёнен,школа;2007;16
Код: Крушитель;16;боевик,комедия,повседневность,мистика;сёнен,суперсила,школа;2012;18
Волчий дождь;30;приключения,боевик,драма,фантастика,фэнтези,детектив;-;2003;16
Бэнто;12;боевик,комедия;боевые искусства;2011;16
Сказания Зестирии;26;приключения,боевик,фэнтези;магия;2016,2017;16
Комбатанты будут высланы!;12;боевик,комедия,фэнтези;-;2021;18
Гордость убийцы;12;фэнтези;-;2019;16
Адзуманга Дайо;26;комедия,повседневность;школа;2002;16
Убивала слизней 300 лет до максимального уровня;12;комедия,повседневность,фэнтези;-;2021;16
Ведьмина магия в деле;12;боевик,фэнтези,мистика;магия;2014;16
Намбака;26;боевик,комедия,драма;-;2016;16
Реальная девушка;24;повседневность,романтика;сёдзё,школа;2018,2019;16
Герой-реалист перестраивает королевство;26;боевик,романтика,фэнтези;военное,магия;2021;16
С места на место;12;комедия,повседневность,романтика;школа;2012;16
Руки прочь от киноклуба!;12;приключения,комедия,повседневность;школа;2020;16
Кэрол и Тьюсдей;24;романтика,драма,фантастика;музыка;2019;16
Из завтрашнего дня разноцветного мира;13;романтика,драма,фантастика;магия,школа;2018;16
Нодамэ Кантабиле;45;комедия,повседневность,романтика,драма;музыка;2007,2008,2010;16
Сквозь бальный зал;24;комедия,повседневность,романтика,драма;сёнен,спорт,школа;2017;16
Девушки в последнем путешествии;12;приключения,повседневность,фантастика,детектив;-;2017;16
Низкоуровневый персонаж Томодзаки;12;романтика,драма;школа;2021;16
Альдерамин в небе;13;приключения,боевик,фэнтези;военное;2016;18
Триплексоголик;37;комедия,драма,мистика,детектив,психология;-;2006,2008;16
Друзья на неделю;12;комедия,повседневность;сёнен,школа;2014;16
Наука влюблена, и мы докажем это;24;комедия,романтика;-;2020,2022;16
Девичье сезонное обострение;12;комедия,повседневность,романтика,драма;сёнен,школа;2019;16
Лунное путешествие к новому миру;12;приключения,боевик,комедия,фэнтези;-;2021;16
Скрытые вещи;12;комедия,повседневность;сёнен;2020;16
Дьявол может плакать;12;боевик,фэнтези,мистика;демоны;2007;18
Контроль;11;боевик,детектив,триллер;суперсила;2011;16
Дуэт и вспышка молнии;12;комедия,повседневность;-;2016;16
Радиосигнал от чудачки. Юноша на связи;13;комедия,повседневность,фантастика;-;2011;16
Школьные няни;12;комедия,повседневность;сёдзё,школа;2018;16
Детективное агентство Хаматора;24;комедия,драма,детектив;суперсила;2014;18
Высь;12;повседневность,романтика,драма,мистика;-;2005;16
Святая троица: мечи, магия, школа;12;боевик,повседневность,романтика,фэнтези,мистика;школа;2015;18
Измерение W;12;боевик,фантастика;-;2016;18
Мир по-прежнему красив;12;приключения,романтика,фэнтези;сёдзё;2014;16
Пингвиний барабан;24;комедия,драма,детектив,психология;-;2011;18
Сильнейший в истории ученик Кеничи;50;боевик,комедия,повседневность;боевые искусства,сёнен,школа;2006;16
Амнезия;12;романтика,фэнтези,детектив;-;2013;16
Легенда о легендарных героях;25;приключения,боевик,фэнтези;магия,сёнен;2010;18
Токийское восьмибалльное;11;драма;-;2009;16
Великие помыслы Оды Нобуны;12;комедия,романтика;историческое;2012;16
Хаос. Вершина;12;романтика,фантастика,мистика,триллер;-;2008;18
Бездарная Нана;13;мистика,триллер,психология;сёнен,суперсила;2020;18
Спой для меня Вчера;12;повседневность,романтика,драма;-;2020;16
Легенда о Гранкресте;24;боевик,фэнтези;-;2018;18
Загадочная девушка Х;14;повседневность,романтика;школа;2012;18
Маленькие проказники!;39;комедия,повседневность,драма,мистика;школа;2012,2013;16
Да просто так!;12;повседневность,романтика,драма;школа;2017;16
С этим клубом точно что-то не так!;12;комедия,повседневность,романтика;школа;2016;16
Маг-обманщик из другого мира;12;приключения,боевик,фэнтези;-;2019;16
Дневник слизи-попаданца;12;комедия,повседневность,фэнтези;сёнен;2021;16
Девушки и танки;12;боевик,повседневность;военное,спорт,школа;2012;16
Ремейк нашей жизни;12;комедия,повседневность,романтика,драма;-;2021;16
Дека-данс;12;приключения,боевик,фантастика;-;2020;16
Серебряная ложка;22;комедия,повседневность;сёнен,школа;2013,2014;16
Сквозь эпохи: Узы ракуго;25;драма;историческое;2016,2017;16
Война двенадцати;12;боевик;-;2017;18
Мифический дух: Хроники;12;приключения,боевик,романтика,драма,фэнтези;-;2021;16
Гридмен;12;боевик,фантастика;меха;2018;16
Почувствуй ветер;23;драма;спорт;2018;16
Астра, затерянная в космосе;12;приключения,фантастика,детектив;космос,сёнен;2019;16
Любовь похожа на прошедший дождь;12;повседневность,романтика,драма;-;2018;16
Озорной поцелуй;25;комедия,романтика;сёдзё;2008;16
Волчица и семеро друзей;12;комедия,романтика;пародия;2010;16
Запретная татуировка;12;боевик,комедия,мистика,детектив;боевые искусства,суперсила;2016;18
Тада не может влюбиться;13;комедия,повседневность,романтика;-;2018;16
Слэм-данк;101;комедия,драма;сёнен,спорт,школа;1993;16
Сомали и лесной дух;12;приключения,повседневность,драма,фэнтези;демоны;2020;16
Мой сэмпай раздражает!;12;комедия,повседневность,романтика;-;2021;18
Чёрный кот;24;приключения,комедия,фантастика;сёнен,суперсила;2005;16
Слуга Вампир;12;боевик,комедия,драма,мистика;вампиры;2016;18
Судьба: Девочка-волшебница Иллия;43;боевик,комедия,фэнтези;магия;2013,2014,2015,2016;16
Союз Серокрылых;13;повседневность,драма,фэнтези,детектив,психология;-;2002;16
Внук Нурарихёна;48;боевик,мистика;демоны,сёнен;2010,2011;16
Загадка дьявола;13;боевик,повседневность;сёдзё,школа;2014;18
Не сдавайся!;25;комедия,романтика,драма;сёдзё;2008;16
Кошачьи прихоти!;12;комедия,романтика;-;2009;16
Мёд и клевер;38;комедия,повседневность,романтика,драма;-;2005,2006;16
Персона 4;37;приключения,повседневность,фантастика,детектив;суперсила,школа;2011,2014;16
Задержи этот звук!;26;повседневность,романтика,драма;музыка,сёнен,школа;2019;16
Дворянство;13;боевик,мистика;вампиры,школа;2020;18
Полёт ведьмы;12;комедия,повседневность,мистика;магия,сёнен;2016;16
Шалости под сакурой;12;комедия,повседневность,романтика;школа,сёдзё;2014;16
Книга магии для начинающих с нуля;12;фэнтези;магия;2017;16
На самом деле я...;13;комедия,повседневность,романтика,фэнтези,мистика;вампиры,сёнен,школа;2015;16
Власть книжного червя;38;повседневность,фэнтези;-;2019,2020,2022;16
Эф - история воспоминаний;24;романтика,драма,детектив;-;2007,2008;16
Связь принцесс: Повторное погружение;25;приключения,боевик,комедия,фэнтези;-;2020,2022;16
Судьба. Великий приказ: Вавилония;21;боевик,фэнтези,мистика;магия;2019;16
Линия Дьявола;12;боевик,романтика,драма,мистика;вампиры;2018;18
Непостижимая Ахарэн;12;комедия;сёнен,школа;2022;16
Я стою на миллионе трупов;24;боевик,драма,фэнтези;игры,сёнен;2020,2021;16
Сонни Бой;12;детектив;суперсила;2021;18
Летнее время;16;мистика,детектив;сёнен;2022;16
Инструктор боевых магов;12;боевик,драма,фэнтези;магия,школа;2015;16
Война магов;12;боевик,фантастика,фэнтези;магия;2014;16
Последнее поле брани;12;боевик,романтика,фэнтези;военное;2020;16
История о пареньке из деревни перед сложнейшим подземельем;12;приключения,фэнтези;-;2021;18
Песнь ночных сов;4;романтика,мистика;вампиры,сёнен;2022;16
Персона 5;28;боевик,фэнтези;-;2018;18
Граф Монте-Кристо;24;драма,фантастика,мистика,детектив,триллер;-;2004;18
Девчонка не промах;21;комедия,повседневность,романтика;игры,школа;2018,2019;16
День, когда я стала Богом;12;драма,фэнтези;-;2020;18
Странники;26;романтика,драма,фантастика;космос;2003;16
Любовь, выборы и шоколад;13;романтика,драма;школа;2012;16
Рыцари и магия;13;боевик,фэнтези;меха,школа;2017;16
Блокнот Бога;12;детектив;-;2011;18
Выгнали из пати - поживу в глуши;13;приключения,повседневность,романтика,фэнтези;-;2021;18
Пожиратели духов: Зеро;24;боевик,мистика,триллер;суперсила;2008,2014;18
Паладин издалека;12;приключения,боевик,фэнтези;-;2021;16
Старшеклассники позволили себе жизнь в другом мире!;12;фэнтези;-;2019;16
Скрытое сокровище Нананы;11;приключения,комедия,мистика,детектив;-;2014;16
Романтическая комедия, где подруга детства не проиграет;12;комедия,романтика;школа;2021;18
Небесные волки: Сириус-егерь;12;боевик,мистика,триллер;вампиры,историческое;2018;18
Королевская игра;12;повседневность,драма,детектив,триллер,психология;ужасы,школа;2017;18
Это были мы;26;повседневность,романтика,драма;сёдзё;2006;16
Игра друзей;12;психология;игры,сёнен;2022;18
Нищебог же!;13;комедия,мистика;пародия,сёнен;2012;16
Заказывали кролика?;36;комедия,повседневность;-;2014,2015,2020;16
Один на вылет;25;психология;спорт;2008;16
Охота на привидений;25;комедия,мистика,детектив,триллер;ужасы,сёдзё;2006;16
Рыцари Сидонии;24;боевик,фантастика;космос,меха;2014,2015;18
Принцесса-медуза;11;комедия,повседневность;-;2010;16
Хроника крыльев;52;приключения,боевик,романтика,фэнтези,мистика;сёнен,магия;2005,2006;16
Терраформирование;28;боевик,драма,фантастика,триллер;космос,ужасы;2014,2016;18
Крестовый поход Хроно;24;боевик,романтика,мистика;демоны,историческое,сёнен;2003;18
Трусливый велосипедист;112;приключения,комедия,драма;сёнен,спорт;2013,2014,2017,2018;16
Кафе из другого мира;24;комедия,фэнтези,детектив;-;2017,2021;16
Боевой дворецкий Хаятэ!;101;боевик,комедия,романтика;пародия,сёнен;2007,2009,2012,2013;16
Радужные дни;24;комедия,повседневность,романтика;сёдзё,школа;2016;16
Тигр и кролик;38;боевик,комедия,мистика,детектив;суперсила;2011,2022;16
Ханаан;13;боевик,фантастика,мистика;суперсила;2009;18
Скет Данс;77;комедия,повседневность;школа,сёнен;2011;16
Усио и Тора;39;приключения,боевик,комедия,мистика;демоны,сёнен;2015,2016;16
В воскресенье у Бога выходной;13;приключения,фэнтези,детектив;-;2013;18
Бугипоп никогда не смеётся;18;драма,мистика,детектив,психология;ужасы;2019;18
Синяя весна и механическая пушка;12;боевик,комедия;сёнен,спорт;2015;16
Сайт волшебниц;12;драма,мистика,психология;ужасы;2018;18
В песках поющие китята;12;драма,фэнтези,детектив;сёдзё,суперсила;2017;16
Пристанище для потерянных;12;комедия,драма,детектив,триллер,психология;ужасы;2016;18
Владыка Демонов, по новой!;12;приключения,боевик,фэнтези;-;2019;16
Флотская коллекция;12;боевик,повседневность,фантастика;военное,школа;2015;16
С его стороны - с её стороны;26;комедия,повседневность,романтика,драма;сёдзё,школа;1998;16
Настоящие слёзы;13;повседневность,романтика,драма;школа;2008;16
Некий научный Акселератор;12;повседневность,фэнтези,мистика;школа,суперсила;2019;18
Джахи не будет отчаиваться!;20;комедия,мистика;сёнен;2021;16
Чара-хранители!;127;комедия,повседневность,мистика;магия,школа,сёдзё;2007,2008,2009;12
Карнавал;13;боевик,фантастика,фэнтези,детектив;-;2013;16
Классические истории;12;драма,триллер,психология;историческое;2009;18
Служащий х Служба;13;комедия,повседневность;-;2013;16
Хранитель священного духа;26;приключения,боевик,фэнтези;историческое;2007;16
Седьмой дух;25;боевик,фэнтези,мистика;военное,демоны,магия;2009;16
Не называй это любовью!;12;комедия,романтика;-;2021;18
Повесть о конце света;12;боевик,драма,мистика;суперсила;2021;18
Труп под ногами Сакурако;12;драма,детектив,триллер;-;2015;18
Игра Джокера;12;драма;военное,историческое;2016;18
Хромированный Региос;24;приключения,боевик,повседневность,фантастика,фэнтези;школа;2009;18
Попсовый эпос;12;комедия;пародия;2018;16
Цветы зла;13;романтика,драма,психология;сёнен,школа;2013;18
Полное погружение: RPG сложнее жизни;12;боевик,комедия,фэнтези;игры;2021;18
Клетки за работой: Тёмная сторона;13;боевик,драма;-;2021;16
Нулевой Эдем;25;приключения,комедия,фантастика,фэнтези;космос,сёнен;2021;16
Детройт, город металла;12;комедия;музыка;2008;18
Гениальный принц. Гайд по уплате госдолга;12;комедия,фэнтези;-;2022;16
Биско-ржавоед;12;приключения,боевик,фантастика,фэнтези;-;2022;18
Магистр дьявольского культа;35;приключения,боевик,комедия,мистика,детектив;историческое;2018,2019,2021;18
Перезапись;24;комедия,романтика,мистика;военное,школа;2016,2017;16
История семьи Аркана;12;боевик,романтика,мистика;сёдзё;2012;16
Жизнь не в одиночку;12;комедия,повседневность;школа,сёнен;2019;16
Рыцарь-скелет в параллельном мире;12;боевик,фэнтези;-;2022;16
Девы Розена;37;боевик,комедия,драма,мистика;магия;2004,2005,2013;16
Восьмой сын? Такого я принять не могу!;12;боевик,фэнтези;-;2020;16
Юная революционерка Утэна;39;комедия,драма,фэнтези,детектив,психология;сёдзё;1997;16
Перестану быть героем;13;приключения,боевик,комедия,фэнтези;-;2022;16
Тусовщик Кунмин;12;комедия;-;2022;18
Принцесса-шпионка;12;боевик,детектив;историческое;2017;18
Поющий принц;53;комедия,романтика;музыка,сёдзё,школа;2011,2013,2015,2016;16
Лаборатория любви;13;комедия,романтика;школа;2013;16
Радиант;42;приключения,боевик,фэнтези;магия;2018,2019;16
Ради своей дочери я смогу победить даже короля демонов;12;повседневность,фэнтези;-;2019;16
Дом теней;17;повседневность,мистика;-;2021,2022;16
Герцог смерти и его тёмная горничная;12;комедия,романтика,драма,мистика;-;2021;16
Подвиги школьного совета: Хроники академии Хэкиё;12;комедия,повседневность;пародия,школа;2009;16
Вторжение Кальмарки;24;комедия,повседневность;сёнен;2010,2011;16
Оккультная девятка;12;фантастика,мистика,детектив;-;2016;16
Царство;119;боевик;военное,историческое;2012,2013,2020,2022;18
Крест Анж: Рондо Дракона и Ангела;25;боевик,фантастика;меха;2014;18
Слушайтесь папу!;14;комедия,повседневность,романтика;-;2012;16
Путешествие Кино: Прекрасный мир;12;приключения,боевик,повседневность;-;2017;18
Если бы я сломал её флаг;13;комедия,романтика;школа;2014;16
Мичико и Хатчин;22;приключения,боевик;-;2008;18
Собачья жизнь;38;приключения,боевик,фэнтези;магия;2011,2012,2015;16
Фантазия Гранблю;25;приключения,фэнтези;-;2017,2019;16
Я, Ты;13;повседневность,романтика,драма;школа;2007;16
Код ангела;26;боевик,комедия,повседневность,романтика,фэнтези,мистика;магия,школа,сёдзё;2003;16
На закате человечества;12;приключения,комедия,фэнтези;-;2012;16
Школа убийц;26;боевик,драма,фантастика,психология;военное;2003,2008;18
Космические братья;99;комедия,повседневность,фантастика;космос;2012;16
Хлопушки-колотушки;13;приключения,комедия,фантастика;магия;2016;16
Мир отомэ-игр - это тяжёлый мир для мобов;12;романтика,фэнтези;школа;2022;16
Команда мечты;50;комедия,повседневность,драма;сёнен,спорт,школа;2019;16
Дорога зверя;12;комедия,фэнтези;сёнен;2019;16
Сведённые кукушкой;14;комедия,романтика;сёнен;2022;16
Жизнь без оружия;24;боевик,драма,фантастика;-;2019,2020;16
Сон в замке демона;12;комедия,фэнтези;демоны,сёнен;2020;16
Небо, где встретились звёзды;12;повседневность,драма;спорт,школа;2019;16
Наше;24;драма,фантастика,психология;меха;2007;18
Собираемся все в академии Сэтон!;12;комедия,повседневность;школа;2020;16
Гангрейв: Убийца с того света;26;боевик,драма,фантастика;суперсила;2003;18
Василиск;48;приключения,боевик,романтика,фэнтези,мистика;историческое,самураи;2005,2018;18
Ромео и Джульетта;24;романтика,драма,фэнтези;историческое;2007;16
Шутки чокнутой столицы;10;боевик,фэнтези,мистика;-;2013;16
Золотая мозаика;24;комедия,повседневность;школа;2013,2015;16
Перерождение повелителя демонов в ничтожество;12;боевик,фэнтези;школа;2022;16
Ты и я;26;комедия,повседневность,романтика,драма;сёнен,школа;2011,2012;16
Кровь Триединства;24;боевик,мистика;вампиры;2005;18
Хак Знак;66;приключения,фантастика,фэнтези,детектив;игры,магия;2002,2003,2006;16
Загугли это, Коккури-сан!;12;комедия,мистика;сёнен;2014;16
Время Евы;6;повседневность,фантастика;-;2008;16
Домашний питомец, сидящий на голове;12;комедия,повседневность;-;2019;16
Рыцари Зодиака;281;приключения,фантастика,фэнтези;сёнен;1986,2002,2005,2008,2009,2011,2012,2015;16
Двуличный братик;13;комедия,повседневность;-;2021;16
Конфликт братьев;12;романтика;сёдзё;2013;16
Миг за мигом;12;драма,детектив,психология;-;2018;18
Записки о робототехнике;22;приключения,драма,фантастика,триллер;меха,школа;2012;16
Горизонт среди пустоты;26;боевик,фантастика,фэнтези;-;2011,2012;16
Айшилд 21;145;боевик,комедия;сёнен,спорт;2005;16
Карин;24;комедия,романтика,мистика;вампиры,сёнен,школа;2005;16
Захватчики шести татами;12;комедия,мистика;школа;2014;16
Сильнейший мудрец низшей эмблемы;12;приключения,боевик,фэнтези;-;2022;18
Принц тенниса;194;боевик,комедия;сёнен,спорт,школа;2001,2012,2022;16
Девушка-сэнрю;12;комедия,повседневность;сёнен,школа;2019;16
Повелитель Рагнарёка и покровитель эйнхерий;12;фэнтези;-;2018;16
Гэнсикэн;49;комедия,повседневность;пародия;2004,2006,2007,2013;16
Тяжкий труд в подземелье;12;комедия,фэнтези;-;2021;16
Мария Холик;24;комедия,повседневность,романтика;пародия,сёдзё,школа;2009,2011;16
Изетта, последняя ведьма;12;боевик;военное,историческое;2016;18
Пожалуйста, учитель!;26;комедия,романтика,драма,фантастика;школа;2002,2003;16
Принц страйда;12;приключения,повседневность;спорт,школа;2016;16
Клуб добрых дел;12;комедия,повседневность;школа;2013;16
Драконий кризис!;12;боевик,романтика,мистика;магия,школа;2011;16
Алхимическое оружие;26;боевик,комедия,фэнтези,мистика;сёнен,школа;2006;16
Сёстры Минами;52;комедия,повседневность;школа;2007,2008,2009,2013;16
Изгнанник;47;приключения,боевик,фантастика;-;2003,2011;16
Адачи и Шимамура;12;повседневность,романтика;сёдзё,школа;2020;16
Слабый удар;24;боевик,романтика,драма,фантастика;-;2018;16
Радости рыбалки;12;комедия,повседневность,фантастика;спорт;2012;16
Выживший дьявол 2;13;боевик,мистика;демоны;2013;18
Сказание о демонах сакуры;34;боевик,драма,мистика;историческое,самураи;2010,2012;18
Владыка скрытого мира;26;боевик,комедия,драма,фэнтези,мистика;сёнен;2008;16
Божественные врата;12;боевик,фантастика,фэнтези;-;2016;16
По ту сторону стекла;13;повседневность,романтика,мистика;-;2014;16
Всё сведётся к F;11;фантастика,детектив,психология;-;2015;18
Вальврейв Освободитель;24;боевик;военное,космос,меха;2013;18
Каннаги;14;комедия,мистика;сёнен,школа;2008;16
Драматическое убийство;12;боевик,фантастика,психология;суперсила;2014;16
Я сказала, усредни мои способности!;12;комедия,фэнтези;-;2019;16
Фена: Принцесса пиратов;12;приключения,боевик,фэнтези;-;2021;16
Кобато;24;комедия,романтика,драма,фэнтези;-;2009;16
Прославленный;57;боевик,драма,фантастика,фэнтези;-;2006,2015,2022;18
Экзотическая семейка;25;комедия,повседневность,драма,фэнтези;демоны;2013,2017;16
Пропавшие феи: Исход;24;боевик,фэнтези,мистика;демоны,магия;2019;16
Повесть о лунной принцессе;12;боевик,романтика,фэнтези,детектив,триллер;вампиры,суперсила,ужасы;2003;18
Любовь после мирового господства;12;комедия,романтика;сёнен;2022;16
Кошачий рай;12;комедия,повседневность;-;2020;16
Бесконечный Дендрограм;13;фэнтези;игры;2020;16
Персиковый мальчик с другого берега;12;фэнтези;сёнен;2021;16
Битва через 5 секунд;12;мистика;игры,суперсила;2021;18
Принцесса Тютю;26;комедия,романтика,драма,фэнтези,детектив;магия;2002;16
Эпоха смут;37;боевик;боевые искусства,историческое,самураи,суперсила;2009,2010,2014;16
Звуки небес;12;повседневность,фантастика;военное,музыка;2010;16
Избранный богами;12;приключения,повседневность,фэнтези;-;2020;16
Моя богиня!;50;комедия,романтика,мистика;магия;2005,2006;16
Ария;53;повседневность,фантастика,фэнтези;сёнен;2005,2006,2008;
Лазурный путь;12;боевик,фантастика;военное;2019;16
Механическая планета;12;фантастика,фэнтези;-;2017;16
Акватоп белого песка;24;повседневность,драма;-;2021;16
Бадминтон Аяно Ханэсаки;13;повседневность;спорт;2018;16
Симфония морской стали: Новое искусство;12;боевик,фантастика;-;2013;16
Коллекция Дзюндзи Ито;12;драма,детектив,триллер,психология;демоны,ужасы,школа;2018;18
Герой Юки Юна;36;повседневность,драма,фэнтези,психология;-;2014,2017,2021;16
Всемогущая магия святого;12;повседневность,романтика,фэнтези;магия;2021;16
Повар небесной гостиницы;26;романтика,драма,мистика;демоны;2018;16
Бедствие ли это?;12;приключения,комедия;-;2019;16
Первые шаги;50;романтика;сёнен,спорт,школа;2014,2015;16
Городская дьяволица;24;комедия,повседневность,мистика;магия;2019,2022;16
Квест Сакуры;25;комедия,повседневность;-;2017;16
Магмел синего моря;13;приключения,боевик,фэнтези;сёнен,суперсила;2019;16
Школьная форма Акэби;12;повседневность;школа;2022;16
Кибер-виток;26;приключения,комедия,драма,фантастика,детектив;-;2007;
Юно: Девушка, что воспевает любовь на грани этого мира;26;драма,фантастика;-;2019;16
Досье лорда Эль-Меллоя II;14;фэнтези,мистика,детектив;-;2019;18
Переустановка Сакурады;24;мистика,детектив;суперсила,школа;2017;16
Плод эволюции;12;приключения,романтика,фэнтези;-;2021;18
Двенадцать королевств;45;приключения,боевик,фэнтези,мистика;магия;2002;16
Вавилон;12;детектив,триллер,психология;-;2019;18
Дни;24;повседневность;спорт,школа,сёнен;2016;16
Комиксистки;12;комедия,повседневность;-;2018;16
Чистый звук;12;повседневность,драма;музыка,сёнен,школа;2021;16
Рубаки;104;приключения,комедия,фэнтези;демоны,магия;1995,1996,1997,2008,2009;16
Королевский репетитор;12;комедия;историческое,сёнен;2017;16
Судный день;12;боевик,мистика;военное,магия,суперсила;2017;18
Хикару и Го;76;комедия,мистика;игры,сёнен;2001;16
Дочь моей мачехи - моя бывшая девушка;4;комедия,романтика;-;2022;16
Убивающая любовь;12;боевик,романтика;-;2022;18
Клуб стрельбы из лука;13;повседневность,драма;спорт,школа;2018;16
Дитя хаоса;12;фантастика,детектив;-;2017;18
Плеяда семи звёзд;12;фантастика,фэнтези;игры;2018;16
Остров;12;драма,фантастика;-;2018;16
Ми-ми-мишка;12;приключения,комедия,фэнтези;-;2020;16
Луна, Лайка и Носферату;12;фантастика;вампиры,космос;2021;16
Мужчина, переродившийся красавицей;12;приключения,комедия,фэнтези;-;2022;16
Небо в цвету!;13;приключения,комедия;историческое;2020;16
Отвергнутый священный зверь;12;боевик,драма,фэнтези;военное,сёнен;2019;18
Закрыты в рамках. Геном: Прямая трансляция;13;комедия,драма;игры;2019;16
Девушки-пони;26;комедия,повседневность;спорт;2018,2021;16
Перекрёстная игра;50;комедия,романтика,драма;сёнен,спорт,школа;2009;16
Мир Лидейл;12;приключения,фэнтези;-;2022;18
Арте;12;повседневность,романтика,драма;историческое;2020;16
Ликорис Рикойл;4;боевик,повседневность;-;2022;18
Танец мечей;37;боевик,фэнтези;историческое,самураи;2016,2017,2018;16
Улыбайся на подиуме;12;повседневность,драма;сёнен,школа;2020;16
Боец Баки;99;боевик;боевые искусства,сёнен,спорт;2001,2018,2020,2021;16
Цирк марионеток;36;приключения,боевик,драма,детектив;сёнен;2018;16
Почётная ученица в школе магии;13;фантастика,фэнтези;магия;2021;16
Красный Марс;13;боевик,мистика;вампиры,военное,историческое;2021;16
Белый альбом;39;романтика,драма;музыка;2009,2013;16
Жизнь девушки-карателя;12;приключения,боевик,фэнтези;-;2022;16
Диназенон;12;боевик,фантастика;меха;2021;16
Симфогир: Песнь боевых принцесс;65;боевик,фантастика;музыка;2012,2013,2015,2017,2019;16
Чит-фармацевт: Аптека в другом мире;12;комедия,фэнтези;-;2021;16
Моя горничная слишком надоедливая!;13;комедия,повседневность;сёдзё;2018;16
Дорога в школу Чио-чан;12;комедия;-;2018;16
Сумо Хиномару;24;боевик,драма;боевые искусства,сёнен,спорт;2018;16
Персона 3;4;боевик,фэнтези;-;2013,2014,2015,2016;18
Коп-чародей;12;боевик,фантастика,фэнтези,мистика;магия,полиция;2019;18
Вермей в золотом: Сильнейший маг;4;фэнтези;магия,сёнен,школа;2022;18
Привлекая поцелуй;4;комедия,романтика;-;2022;18
Ре-Мэйн;12;повседневность;спорт,школа;2021;18
Сказка о девушке эпохи Тайсё;12;комедия,повседневность,романтика;историческое,сёнен;2021;18
Бездельные дни старшеклассницы;12;комедия,повседневность;школа;2019;16
Западные ворота парка Икебукуро;12;романтика,драма,детектив;-;2020;18
Пикник в потусторонье;12;приключения,фантастика,фэнтези,детектив;сёдзё;2021;18
Восхождение чародея;12;приключения,боевик,комедия,фэнтези;-;2022;16
Правильный ответ: Кадо;13;фантастика;-;2017;16
Ао Аши;16;повседневность;спорт;2022;16
2.43: Волейбольный клуб старшей школы Сэйин;12;повседневность,драма;спорт,школа;2021;16
Дропкик злого духа;27;комедия,мистика;-;2018,2020,2022;16
Перерождение Дяди;4;комедия,фэнтези;-;2022;16
Жизнь перерождённого мудреца;5;приключения,боевик,фэнтези;-;2022;16
Святой воин Цербер;13;приключения,фэнтези;-;2016;18
Замахнись сильнее;40;комедия;спорт;2007,2010;16
Супер Каб;12;повседневность;школа;2021;18
Мэйджор;155;комедия,драма;сёнен,спорт;2004,2005,2007,2008,2009,2010;16
Аюму всё равно станет ближе;4;комедия,повседневность,романтика;сёнен,школа;2022;16
Пылающий Кабадди;12;комедия,повседневность;спорт,школа;2021;18
Сальто назад!!;12;повседневность;спорт;2021;16
Парни из магазинчика;12;повседневность,романтика;-;2017;16
Повесть о стране цветных облаков;78;приключения,комедия,романтика,драма,фэнтези;историческое;2006,2007;16
Гора Священного меча;24;приключения,комедия,фэнтези;магия;2016,2017;16
Сакуган;12;приключения,комедия,фантастика;меха;2021;18
Она представилась как ученик мудреца;12;приключения,фэнтези;-;2022;16
Красавчики-детективы;12;детектив;школа;2021;18
Питомец;13;мистика,детектив,психология;-;2020;18
Смута: Принцесса снега и крови;12;боевик,мистика;историческое;2021;18
Улисс: Жанна Дарк и рыцарь-алхимик;12;боевик,фэнтези;-;2018;16
Роза Версаля;40;романтика,драма;военное,историческое,сёдзё;1979;16
Как госпожа Вельзевул пожелает;12;комедия,романтика,фэнтези;демоны,сёнен;2018;16
Лазурный гримуар;12;боевик,фэнтези;-;2013;18
Риннэ: Меж двух миров;75;приключения,комедия,романтика,фэнтези,мистика;сёнен,школа;2015,2016,2017;16
Держись крепче! Скалолазки;12;комедия;спорт,школа;2020;16
Контракт душ;32;боевик,комедия,мистика;магия,сёнен;2016,2018;16
Проект Белая Кошка;12;приключения,боевик,фэнтези;магия;2020;16
Ура мечте!;39;повседневность;музыка;2017,2019,2020;16
Ориент;15;приключения,боевик,фэнтези;демоны,историческое,самураи,сёнен;2022;16
Заклинательница зверей Эрин;50;повседневность,драма,фэнтези;-;2009;16
Алый Нексус;26;боевик,фантастика;военное,суперсила;2021;18
Рок-шоу!;36;комедия;музыка;2015,2016,2020;16
Персона: Душа троицы;26;боевик,мистика;суперсила;2008;16
Астероид любви;12;комедия,повседневность;школа;2020;16
Шерлок из Кабуки-тё;24;комедия,драма,детектив;-;2019;18
Путь аса;178;комедия,повседневность;сёнен,спорт,школа;2013,2015,2019;16
Страж перерождения;12;приключения,романтика,фэнтези;военное,историческое;2017;16
Дочь босса и её нянька;4;комедия,повседневность;-;2022;16
Волны, слушайте меня;12;комедия,романтика,драма;-;2020;18
Девочки-волшебницы: Специальная операция;12;боевик,драма,фантастика;магия,военное;2019;18
Букет Лилий: Штурм;12;боевик,фэнтези;магия;2020;16
Жрицы с мечами;25;боевик,фэнтези;-;2018;16
Аниме-истории;12;комедия,повседневность;пародия,школа;2017;16
Городской охотник;190;боевик,комедия,детектив;сёнен;1987,1988,1989,1991,2005;16
Империя Альтаир;24;приключения,драма,фэнтези;военное,историческое,сёнен;2017;16
Девушка из оперы;13;драма;сёдзё,школа;2021;18
Дэаймон;12;повседневность;-;2022;16
Небесный отдел дизайна;13;комедия,повседневность,фэнтези;-;2021;16
Аякаси: Классика японских ужасов;23;фэнтези,детектив,триллер,психология;историческое,ужасы;2006,2007;18
Этот вампир постоянно умирает;12;комедия,мистика;вампиры,сёнен;2021;16
Повелитель хроноса;13;мистика;сёнен;2017;16
Фантастическая звезда онлайн 2;37;боевик,повседневность,фантастика;игры,космос,школа;2016,2019;16
Бэм;12;боевик,мистика;демоны;2019;16
Этот чудесный мир;12;приключения,боевик;-;2021;18
Джибиэйт;12;боевик,фэнтези;боевые искусства,самураи,ужасы;2020;18
Доктор Рамунэ - специалист по таинственным болезням;12;комедия,мистика,психология;сёнен;2021;16
Канон;37;повседневность,романтика,драма,мистика;-;2002,2006;
Исчезнувший город;12;приключения,боевик,драма,фэнтези,детектив;-;2019;16
Волшебник-воин Орфен;72;приключения,боевик,драма,фэнтези;боевые искусства,демоны,магия,сёнен;1998,1999,2020,2021;16
Танцуй, танцуй, танцор;11;драма;-;2022;16
Детская игрушка;102;комедия,романтика,драма;сёдзё;1996;16
Драгон Квест: Приключения Дая;88;приключения,боевик,фэнтези;сёнен;2020;16
Королевский рейд: Наследники воли;26;приключения,боевик,фэнтези;магия;2020;18
Оккультные служащие полуночи;12;фэнтези,мистика,детектив;демоны,сёдзё;2019;16
Ревижены;12;боевик,фантастика;меха;2019;16
Дело ювелира Ричарда;12;детектив;-;2020;16
Слушатели;12;фантастика;меха,музыка;2020;16
Коидзуми любит рамен;12;комедия;-;2018;16
Фармацевт из параллельного мира;3;фэнтези;-;2022;16
Семёрка идолов;45;повседневность,драма;музыка;2018,2020,2021;16
Чёрный призыватель;4;боевик,фэнтези;-;2022;18
Рыбалка для школьниц после занятий;12;комедия,повседневность;спорт,школа;2020;16
Расцвет идолов;12;повседневность;музыка;2021;18
Планета Уит;12;боевик,фантастика;меха;2018;16
Измерение 18;13;фантастика,детектив;-;2017;18
Мой сосед - бог разрушения!;12;комедия,повседневность;школа;2020;16
Гипнотический микрофон: Рэп-баттл дивизионов;13;боевик,повседневность,фантастика;музыка;2020;18
24-й округ Токио;12;фантастика,детектив;суперсила;2022;16
Самурай-гимнаст;11;повседневность;спорт;2020;16
Любовь и продюсер;12;романтика,фантастика,детектив;суперсила;2020;16
И всё же, грешник танцует с драконом;12;боевик,драма,фантастика,фэнтези;-;2018;18
Сага о Гортензии;12;приключения,боевик,фэнтези;магия;2021;16
Реквием по Королю Роз;24;боевик,драма,мистика;историческое,сёдзё;2022;16
Гранбелм;13;фэнтези,мистика;магия,меха;2019;16
Дракон в поисках дома;12;комедия,фэнтези;сёнен;2021;18
Медленная петля;12;повседневность;спорт;2022;16
Бюро паранормальных расследований Мухё и Роджи;24;боевик,комедия,драма,мистика,детектив;сёнен;2018,2020;16
Революция семи рыцарей: Наследники героев;12;приключения,боевик,фэнтези;магия;2021;18
Стать настоящей героиней!;12;повседневность;школа;2022;16
Литераторы и алхимики: Шестерни судей;13;приключения,боевик,фэнтези;-;2020;16
Голубые небеса Ромео;33;приключения,повседневность,драма;историческое;1995;16
Инспекторы чудес Ватикана;12;драма,мистика,детектив;-;2017;18
Клуб настольных игр;12;комедия,повседневность;игры,школа,сёнен;2019;16
Специальный отдел криминальных расследований: Токунана;12;боевик,фэнтези;вампиры,полиция;2019;16
Конан - мальчик из будущего;26;приключения,драма,фантастика;-;1978;16
Вампир в саду;5;боевик;вампиры;2022;16
Фантом в сумерках;12;боевик,мистика;вампиры;2018;16
Куроицу из отдела сверхчеловеческого развития;12;комедия,фэнтези;-;2022;16
Музыкальная школа звёзд;36;повседневность;музыка,школа;2015,2017,2019;16
Контратака женщины-полицейского;13;комедия,повседневность;полиция;2022;18
Сумасшедшие ребята;11;комедия,повседневность;школа;2019;16
В сердце куноичи Цубаки;13;комедия;сёнен;2022;16
Потерянная песня;12;драма,фэнтези;-;2018;16
Девушки на линии фронта;12;боевик,драма,фантастика;военное;2022;16
Звёзды ансамбля!;24;повседневность;музыка,школа;2019;16
Давайте тоже слепим кружку;24;повседневность;школа;2021;16
Полководцы Сигрдрифа;12;боевик;военное;2020;18
22 на 7;12;повседневность;музыка;2020;16
Сумеречный разум;36;драма,фантастика,мистика,детектив,психология;-;2006,2021;18
Лазурные огни;12;повседневность,фэнтези;музыка;2020;18
Девичьи кричалки!;12;комедия,повседневность;школа,спорт;2018;16
Прощай, мой дорогой Крамер;13;драма;сёнен,спорт;2021;16
Зет Икс: Зажигание;24;приключения,фантастика,фэнтези;игры,сёнен,школа;2014,2019;16
Этот противный целитель!;12;приключения,боевик,комедия,фэнтези;-;2022;16
Деррида, покоривший время. RErideD;12;боевик,драма,фантастика;-;2018;16
Безумное погружение: Потерянное дитя;12;фантастика;-;2021;18
Будокан скажет вам, когда я умру;12;комедия,повседневность;музыка,сёдзё;2020;18
Менеджер среднего звена Тонэгава;24;комедия,драма,психология;пародия;2018;16
Ведущие звёзды;12;комедия,драма;спорт,школа;2021;18
Небесная машина Пандора;26;фантастика;меха;2018;16
Клан девяти;12;боевик,фантастика;спорт;2022;16
Отбор проектов;13;повседневность;музыка;2021;16
Стеклянная маска;51;драма;сёдзё;2005;
Путь назад;24;боевик,фэнтези;меха;2021;18
Президент, пришло время для битвы!;12;приключения,боевик,фэнтези;-;2020;16
Винтовка прекрасна;12;комедия,повседневность;школа;2019;16
Двойной удар: Даг и Кирилл;13;боевик,комедия,фантастика;полиция;2018;18
Фруктовый пирог: Айдолы-неудачницы;12;повседневность;музыка;2020;16
Люцифер и Бисквитный Молот;3;приключения,боевик,комедия,драма,психология;-;2022;16
Визуальная тюрьма;12;мистика;вампиры,музыка;2021;16
Бедственная правда;12;боевик,фэнтези;магия;2020;18
Птичье крыло: История гольфисток;13;повседневность;спорт;2022;16
РобиХати;12;приключения,комедия,фантастика;космос;2019;16
Мав-Лав: Альтернатива;48;боевик,драма,фантастика;военное,меха;2012,2016,2021;18
Второй Мэйджор;50;комедия,драма;сёнен,спорт;2018,2020;16
А3! Весна и лето;24;повседневность,драма;музыка;2020;16
Проект Скард: Шрам Прэйтер;13;боевик;суперсила;2021;18
Тамаёми;12;повседневность;спорт,школа;2020;16
Игра с нулевым счётом;15;повседневность;спорт;2022;18
История Мерк;12;приключения,боевик,фэнтези;магия;2018;16
Мини-футбол для мальчиков;12;повседневность;спорт;2022;16
Прекрасная бабочка: Юный Нобунага;12;боевик,драма;историческое,самураи;2019;16
Девять золушек в августе;12;повседневность;школа,спорт;2019;16
Детективное агентство дятла;12;детектив;историческое;2020;16
Серебряный клык;47;приключения,боевик,драма;сёнен;1986,2005;16
Уиз;13;боевик,фантастика;музыка;2019;16
За мной, мои герои: часть истины;12;романтика,детектив;-;2019;16
Войны Сакуры;37;приключения,фантастика;меха;2000,2020;16
Девушка-целитель;12;повседневность;музыка;2022;16
Гордость оранжевых!;12;повседневность;спорт;2021;16
Парень из эпохи Бакумацу;24;приключения;историческое,самураи;2018,2019;16
Титры!;24;повседневность;музыка;2022;16
Тама: откуда же он взялся?;11;повседневность;-;2020;16
Повесть о соседях;62;комедия,повседневность,романтика,драма;сёдзё;1995,2005;16
Микс: История Мэйсэй;24;повседневность,романтика,драма;школа,сёнен,спорт;2019;16
Охотник за душами;23;приключения,фэнтези;демоны,сёнен;2018;16
Ода Корица Нобунага;12;комедия,повседневность;историческое;2020;16
Буччигирэ!;4;боевик;самураи;2022;16
Цестус: Римский боец;11;боевик,драма;историческое;2021;18
Рыцари усердия;12;повседневность;спорт,школа;2019;16
Фантазия о Троецарствии: Духовность небес;12;фэнтези;историческое;2022;16
Артисты: конкурс песен;12;повседневность;музыка,школа;2019;16
Меч Жёлтого императора: Бледное сияние;13;приключения,боевик,фэнтези;боевые искусства,демоны,магия;2018;16
Солнечная улыбка Арснотории!;4;боевик;-;2022;16
Прима-кукла;5;повседневность,фантастика;-;2022;16
АйТю: Звёздная сцена;12;комедия,повседневность;музыка,школа;2021;16
Да здравствует Амитабха: Лотус Утены;12;фэнтези;-;2019;16
Гэкидол;12;повседневность,фантастика;музыка;2021;18
Поэзия теней;65;фэнтези;игры;2020,2022;16
Девушки в доспехах;12;боевик,фэнтези;военное;2021;18
Новый мастер кулинарии;12;комедия;сёнен;2019;16
Разминка!;12;комедия,повседневность;-;2020;18
Аргонавис из Ура мечте!;13;повседневность,драма;музыка;2020;16
Вечная воля;52;боевик,комедия,фэнтези;боевые искусства,историческое;2020;16
Руководство сотен демонов;24;приключения,фэнтези,мистика,детектив;историческое;2020,2021;16
Экстремальные сердца;4;повседневность;музыка,спорт;2022;16
